-- phpMyAdmin SQL Dump
-- version 4.9.7
-- https://www.phpmyadmin.net/
--
-- Host: localhost:3306
-- Generation Time: 04 ก.พ. 2026 เมื่อ 03:42 PM
-- เวอร์ชันของเซิร์ฟเวอร์: 10.6.17-MariaDB
-- PHP Version: 7.4.33

SET SQL_MODE = "NO_AUTO_VALUE_ON_ZERO";
SET AUTOCOMMIT = 0;
START TRANSACTION;
SET time_zone = "+00:00";


/*!40101 SET @OLD_CHARACTER_SET_CLIENT=@@CHARACTER_SET_CLIENT */;
/*!40101 SET @OLD_CHARACTER_SET_RESULTS=@@CHARACTER_SET_RESULTS */;
/*!40101 SET @OLD_COLLATION_CONNECTION=@@COLLATION_CONNECTION */;
/*!40101 SET NAMES utf8mb4 */;

--
-- Database: `sunksund_kan_ngan`
--

-- --------------------------------------------------------

--
-- โครงสร้างตาราง `items`
--

CREATE TABLE `items` (
  `id` int(11) NOT NULL,
  `kan_no` varchar(20) NOT NULL,
  `item_name` varchar(255) DEFAULT NULL,
  `quantity` int(11) DEFAULT NULL,
  `unit` varchar(50) DEFAULT NULL,
  `price_per_unit` decimal(10,2) DEFAULT NULL,
  `total` decimal(10,2) DEFAULT NULL
) ENGINE=InnoDB DEFAULT CHARSET=utf8mb4 COLLATE=utf8mb4_general_ci;

--
-- dump ตาราง `items`
--

INSERT INTO `items` (`id`, `kan_no`, `item_name`, `quantity`, `unit`, `price_per_unit`, `total`) VALUES
(47, 'KAN_NGAN0010', 'กระดาษ A4 80 g', 5, 'รีม', '125.00', '625.00'),
(48, 'KAN_NGAN0010', 'ดินสอ 2B (1/12)', 4, 'กล่อง', '120.00', '480.00'),
(49, 'KAN_NGAN0010', 'ปลั๊กไฟ 3 เมตร', 1, 'ตัว', '450.00', '450.00'),
(50, 'KAN_NGAN0010', 'กาวแท่ง UHU 8.2g', 1, 'แท่ง', '45.00', '45.00'),
(51, 'KAN_NGAN0003', 'จ้างเหมาเตรียมข้อมูลและวิเคราะห์ข้อมูล', 1, 'งาน', '5000.00', '5000.00'),
(52, 'KAN_NGAN0003', 'จ้างเหมาจัดทำรายงานผลการวิเคราะห์', 1, 'งาน', '3000.00', '3000.00'),
(65, 'KAN_NGAN0002', 'จ้างแปลงข้อมูลความรู้ท้องถิ่น', 1, 'งาน', '2000.00', '2000.00'),
(66, 'KAN_NGAN0002', 'จ้างทำแผนที่และจุดเก็บตัวอย่าง', 1, 'งาน', '4000.00', '4000.00'),
(67, 'KAN_NGAN0002', 'จัดทำแผนที่แสดงนิเวศแหล่งน้ำ', 1, 'งาน', '4000.00', '4000.00'),
(68, 'KAN_NGAN0002', 'จ้างซ้อนทับข้อมูล (Overlay)', 1, 'งาน', '5000.00', '5000.00'),
(74, 'KAN_NGAN0004', 'วิเคราะห์ความต้องการของระบบ', 1, 'งาน', '2000.00', '2000.00'),
(75, 'KAN_NGAN0004', 'ออกแบบโครงสร้างฐานข้อมูล', 1, 'งาน', '5000.00', '5000.00'),
(76, 'KAN_NGAN0004', 'ออกแบบผังไหลของข้อมูล', 1, 'งาน', '5000.00', '5000.00'),
(77, 'KAN_NGAN0004', 'จัดทำพจนานุกรมข้อมูล', 1, 'งาน', '3000.00', '3000.00'),
(78, 'KAN_NGAN0004', 'จัดทำแผนภาพจำลองการทำงานระบบ', 1, 'งาน', '5000.00', '5000.00'),
(79, 'KAN_NGAN0005', 'esp8266', 1, 'ตัว', '175.00', '175.00'),
(80, 'KAN_NGAN0005', 'โมดูลรีเลย์ 5V', 1, 'ตัว', '130.00', '130.00'),
(81, 'KAN_NGAN0005', 'สายจัมเปอร์', 3, 'แพ็ค', '20.00', '60.00'),
(82, 'KAN_NGAN0006', 'เซ็นเซอร์วัดความขุ่นของน้ำ', 1, 'ชุด', '420.00', '420.00'),
(83, 'KAN_NGAN0006', 'บอร์ดทดลอง esp8266 dev kit+สาย usb', 4, 'ชุด', '180.00', '720.00'),
(84, 'KAN_NGAN0006', 'สายไฟ awg24 100FT', 3, 'ม้วน', '90.00', '270.00'),
(85, 'KAN_NGAN0006', 'ท่อหด 2 มม.', 1, 'เส้น', '10.00', '10.00'),
(86, 'KAN_NGAN0007', 'กระดาษถ่ายเอกสาร A4 80 g', 6, 'รีม', '125.00', '750.00'),
(87, 'KAN_NGAN0007', 'กระดาษการ์ดขาว A4 210g', 1, 'ห่อ', '100.00', '100.00'),
(88, 'KAN_NGAN0008', 'MCU ESP32/38PIN', 1, 'ตัว', '250.00', '250.00'),
(89, 'KAN_NGAN0008', 'ESP32 Base', 1, 'ตัว', '80.00', '80.00'),
(98, 'KAN_NGAN0009', 'บอร์ขยาย NodeMCUESP32 38PIN', 1, 'ตัว', '110.00', '110.00'),
(99, 'KAN_NGAN0009', 'NodeMCUESP-WROOM32 38PIN', 1, 'ตัว', '240.00', '240.00'),
(100, 'KAN_NGAN0009', 'wire kit with box สายจั๊มวงงจร', 1, 'กล่อง', '45.00', '45.00'),
(101, 'KAN_NGAN0009', 'ตัวช่วยจับแผ่นปริ๊น', 1, 'ตัว', '175.00', '175.00'),
(102, 'KAN_NGAN0009', 'ค่าขนส่งสินค้า', 1, 'งาน', '50.00', '50.00'),
(103, 'KAN_NGAN0010', 'ตะกั่ว', 1, 'หลอด', '50.00', '50.00'),
(104, 'KAN_NGAN0010', 'น้ำยาประสาน', 1, 'ตลับ', '17.00', '17.00'),
(105, 'KAN_NGAN0010', 'Ultrasonic sensor HR-SRF05', 1, 'ตัว', '70.00', '70.00'),
(106, 'KAN_NGAN0010', 'soil moisture sersor a184', 3, 'ชุด', '30.00', '90.00'),
(107, 'KAN_NGAN0010', 'แหล่งจ่ายไฟ 5v 5.1A 4 ช่อง', 1, 'ตัว', '130.00', '130.00'),
(108, 'KAN_NGAN0010', 'สาย usb to type c 1 ม.', 1, 'เส้น', '70.00', '70.00'),
(109, 'KAN_NGAN0010', 'สายแพ 40 เส้น 10 cm', 3, 'ชุด', '35.00', '105.00'),
(110, 'KAN_NGAN0010', 'มิเตอร์ดิจิตอล sz01', 1, 'ตัว', '450.00', '450.00'),
(111, 'KAN_NGAN0010', 'ไขควงชุด', 1, 'ชุด', '50.00', '50.00'),
(112, 'KAN_NGAN0010', 'คีมตัด', 1, 'ตัว', '55.00', '55.00'),
(113, 'KAN_NGAN0010', 'ถ่าน allkalina AAA', 1, 'แพ็ค', '60.00', '60.00'),
(114, 'KAN_NGAN0011', 'หัวแร้ง Hisatomi 15s41h', 5, 'ตัว', '70.00', '350.00'),
(115, 'KAN_NGAN0011', 'แผ่นปริ๊น PCB เอนกประสงค์', 6, 'แผ่น', '10.00', '60.00'),
(116, 'KAN_NGAN0011', 'ก้างปลา ตัวผู้ตรง 1x40 pin', 10, 'อัน', '10.00', '100.00'),
(117, 'KAN_NGAN0012', 'ปากกาน้ำเงิน', 2, 'ด้าม', '5.00', '10.00'),
(118, 'KAN_NGAN0012', 'ยางลบ', 5, 'ชิ้น', '6.00', '30.00');

-- --------------------------------------------------------

--
-- โครงสร้างตาราง `members`
--

CREATE TABLE `members` (
  `user_id` int(11) NOT NULL,
  `name` varchar(100) NOT NULL,
  `field` varchar(250) NOT NULL,
  `username` varchar(50) NOT NULL,
  `password` varchar(255) NOT NULL,
  `created_at` timestamp NOT NULL DEFAULT current_timestamp()
) ENGINE=InnoDB DEFAULT CHARSET=utf8mb4 COLLATE=utf8mb4_general_ci;

--
-- dump ตาราง `members`
--

INSERT INTO `members` (`user_id`, `name`, `field`, `username`, `password`, `created_at`) VALUES
(1, 'นายสังสรรค์ หล้าพันธ์', 'สาขาวิชาเทคโนโลยีสารสนเทศ', 'sunksun', '$2y$10$z18OmLrLB2/HF.gb/ySVxOox6YWzKT.m6dJoq00uvQlOu.vs1x5rG', '2025-12-08 16:31:11'),
(2, 'นายสังสรรค์ หล้าพันธ์', 'สาขาวิชาเทคโนโลยีสารสนเทศ', 'sunksun.lap', '$2y$10$On0NRoWzmxef0kDLE4dLq.v1jZHKdQGq6P3Z0aDW55nYbyVDvq09G', '2025-12-09 15:21:00'),
(3, 'นายสมชาย ใจดี', 'สาขาวิชาเทคโนโลยีสารสนเทศ', 'somchai', '$2y$10$N4Yrkz1/aZdj6ICXLGmjxeffAsJSxwdevElg4RR/MAUI273gtlGmm', '2025-12-10 03:33:10'),
(4, 'ผศ.ดร.นุวัติ พิมพะบุตร', 'สาขาวิชาฟิสิกส์', 'nuwat', '$2y$10$GgZLcwQDyFmnBzKFMEN0pO/fPV0uskMpjMHS89mFkOJyS3axnv6Ai', '2025-12-11 12:13:04'),
(5, 'สุจิตรานันท์ มังคละไชยา', 'สาขาวิชาเทคโนโลยีสารสนเทศ', 'sujitranan', '$2y$10$LkT/qacCJCNkgjHLA2wdWuoM9YgQW8rlNX4eam99Jwq3s9CVFEGrm', '2026-01-30 07:06:31'),
(6, 'นายดุลชาติ ศิริวัลลภ', 'สาขาวิชาวิทยาการคอมพิวเตอร์', '123456', '$2y$10$xTfoR2/FJun/.dbEwBbs0efI34dQNgX.h/BDkKX5u8xiLU2cSWbPa', '2026-02-04 02:22:37'),
(7, 'นางสาวสุไพลิน พิชัย', 'สาขาวิชาวิทยาการคอมพิวเตอร์', 'supailin.pic@lru.ac.th', '$2y$10$/QckOKfnbOO2ZvycSGl7Cu6PcUK/kZwwIvcy95jj5u.l2ksyWt6fe', '2026-02-04 02:37:15'),
(8, 'ดร.จรินทร์  ย่นพันธ์', 'สาขาวิชาสาธารณสุขศาสตร์', 'jarin.yon', '$2y$10$okdM7Wy3ENljGjn/Df5UmuSnyuV9c0qbGKVXhUrtmMI7j.lIZk2uu', '2026-02-04 02:42:15'),
(9, 'T', 'สาขาวิชาวิทยาการคอมพิวเตอร์', '1234', '$2y$10$.y0twnmUM8mi8zjbh/CU5.Gbqa7gElfjSi6Omt0Dcp8PzZ6YxSUcC', '2026-02-04 04:47:13');

-- --------------------------------------------------------

--
-- โครงสร้างตาราง `report_request`
--

CREATE TABLE `report_request` (
  `report_id` int(11) NOT NULL,
  `user_id` int(11) NOT NULL,
  `kan_no` varchar(20) NOT NULL,
  `field` varchar(100) NOT NULL,
  `name` varchar(100) NOT NULL,
  `purpose` varchar(50) NOT NULL,
  `purpose_` varchar(50) NOT NULL,
  `project_name` varchar(250) NOT NULL,
  `activity` varchar(100) NOT NULL,
  `project_type` varchar(100) DEFAULT NULL,
  `budget` varchar(100) NOT NULL,
  `project_number` varchar(50) NOT NULL,
  `budget_used` varchar(50) NOT NULL,
  `reason` varchar(255) NOT NULL,
  `create_at` timestamp NOT NULL DEFAULT current_timestamp() ON UPDATE current_timestamp()
) ENGINE=InnoDB DEFAULT CHARSET=utf8mb4 COLLATE=utf8mb4_general_ci;

--
-- dump ตาราง `report_request`
--

INSERT INTO `report_request` (`report_id`, `user_id`, `kan_no`, `field`, `name`, `purpose`, `purpose_`, `project_name`, `activity`, `project_type`, `budget`, `project_number`, `budget_used`, `reason`, `create_at`) VALUES
(10, 1, 'KAN_NGAN0010', 'สาขาวิชาเทคโนโลยีสารสนเทศ', 'นายสังสรรค์ หล้าพันธ์', 'ขอซื้อ', 'กระดาษ A4, ดินสอ และอีก 2 รายการ', 'อบรมและเสริมสร้างศักยภาพด้านวิชาการการเป็น DevOps', 'อบรม Full-Stack Deploy ขึ้น Cloud VPS ด้วย Docker', 'โครงการสาขาวิชา/คณะ', 'แผ่นดิน', '690222028', '1147.00', 'จัดการเรียนการสอน', '2026-02-02 07:44:04'),
(11, 4, 'KAN_NGAN0003', 'สาขาวิชาฟิสิกส์', 'ผศ.ดร.นุวัติ พิมพะบุตร', 'ขอจ้าง', 'จ้างเหมาวิเคราะห์ข้อมูล Big Data', 'วิจัยการประยุกต์ใช้เทคโนโลยีสารสนเทศและ Big Data ฯ', 'พัฒนาฐานข้อมูลดิจิทัล', 'โครงการวิจัย', 'กองทุน ววน.69', 'กองทุน ววน.69', '365.00', 'เพื่อใช้จัดการเรียนการสอน', '2026-01-12 05:45:41'),
(12, 4, 'KAN_NGAN0006', 'สาขาวิชาฟิสิกส์', 'ผศ.ดร.นุวัติ พิมพะบุตร', 'ขอจ้าง', 'จ้างเหมาจัดทำแผนที่ข้อมูลภูมิศาสตร์', 'วิจัยการประยุกต์ใช้เทคโนโลยีสารสนเทศและ Big Data ฯ', 'พัฒนาฐานข้อมูลดิจิทัล', 'โครงการวิจัย', 'กองทุน ววน.69', 'กองทุน ววน.69', '1420.00', 'ประกอบการสอน', '2026-01-12 09:12:28'),
(13, 4, 'KAN_NGAN0004', 'สาขาวิชาฟิสิกส์', 'ผศ.ดร.นุวัติ พิมพะบุตร', 'ขอจ้าง', 'จ้างเหมาออกแบบโครงสร้างข้อมูล Big Data พันธุ์ปลา', 'วิจัยการประยุกต์ใช้เทคโนโลยีสารสนเทศและ Big Data ฯ', 'พัฒนาฐานข้อมูลดิจิทัล', 'โครงการวิจัย', 'กองทุน ววน.69', 'กองทุน ววน.69', '20000', 'เพื่อออกแบบโครงสร้างข้อมูล', '2025-12-16 04:08:14'),
(14, 1, 'KAN_NGAN0005', 'สาขาวิชาเทคโนโลยีสารสนเทศ', 'นายสังสรรค์ หล้าพันธ์', 'ขอซื้อ', 'วัสดุ esp8266 และอีก 2 รายการ', 'สนับสนุนการสอนภาคปฏิบัติ (วัสดุฝึก)', 'จัดการเรียนการสอน', 'โครงการสาขาวิชา/คณะ', 'เงินรายได้', '690015068', '365.00', 'เพื่อใช้จัดการเรียนการสอน', '2026-01-12 05:38:36'),
(15, 1, 'KAN_NGAN0006', 'สาขาวิชาเทคโนโลยีสารสนเทศ', 'นายสังสรรค์ หล้าพันธ์', 'ขอซื้อ', 'วัสดุ เซ็นเซอร์วัดความขุ่น และอีก 3 รายการ', 'สนับสนุนการสอนภาคปฏิบัติ (วัสดุฝึก)', 'จัดการเรียนการสอน', 'โครงการสาขาวิชา/คณะ', 'เงินรายได้', '690015068', '1420.00', 'ประกอบการสอน', '2026-01-12 09:12:28'),
(16, 1, 'KAN_NGAN0007', 'สาขาวิชาเทคโนโลยีสารสนเทศ', 'นายสังสรรค์ หล้าพันธ์', 'ขอซื้อ', 'วัสดุ กระดาษ A4 ปากกา และอีก 2 รายการ', 'สนับสนุนการสอนภาคปฏิบัติ (วัสดุฝึก) ภาคปกติ (บ.กศ.) 2/2568 ปีงบประมาณ 2569', 'จัดการเรียนการสอนรายวิชาโครงงานฯ 1 2 ', 'โครงการสาขาวิชา/คณะ', 'เงินรายได้', '690015068', '850.00', 'จัดซื้อวัสดุฝึก', '2026-01-26 02:26:20'),
(17, 2, 'KAN_NGAN0008', 'สาขาวิชาเทคโนโลยีสารสนเทศ', 'นายสังสรรค์ หล้าพันธ์', 'ขอซื้อ', 'วัสดุ ESP32 และอีก 1 รายการ', 'วัสดุฝึกประจำปีงบประมาณ 2569', 'จัดการเรียนการสอนรายวิชาอิเตอร์ของทุกสิ่ง', 'โครงการสาขาวิชา/คณะ', 'เงินรายได้', '69', '330.00', 'ใช้ในการเรียนการสอน', '2026-01-29 08:27:48'),
(19, 2, 'KAN_NGAN0009', 'สาขาวิชาเทคโนโลยีสารสนเทศ', 'นายสังสรรค์ หล้าพันธ์', 'ขอซื้อ', 'nodeMCUESP32 และอีก 3 รายการ', 'จัดซื้อวัสดุฝึก บ.กศ. ปีงบประมาณ 2569', 'จัดการเรียนการสอนรายวิชาอิเตอร์ของทุกสิ่ง', 'โครงการสาขาวิชา/คณะ', 'เงินรายได้', '690015068', '620', 'ใช้ในการเรียน', '2026-02-02 04:18:40'),
(20, 2, 'KAN_NGAN0010', 'สาขาวิชาเทคโนโลยีสารสนเทศ', 'นายสังสรรค์ หล้าพันธ์', 'ขอซื้อ', 'ตะกั่ว และวัสดุอีก 11 รายการ', 'จัดซื้อวัสดุฝึก บ.กศ. ปีงบประมาณ 2569 ภาคเรีนรที่ 2/2568', 'จัดการเรียนการสอนรายวิชาการเขียนโปรแกรมระบบฐานข้อมูล', 'โครงการสาขาวิชา/คณะ', 'เงินรายได้', '690015068', '1147.00', 'จัดการเรียนการสอน', '2026-02-02 07:44:04'),
(21, 2, 'KAN_NGAN0011', 'สาขาวิชาเทคโนโลยีสารสนเทศ', 'นายสังสรรค์ หล้าพันธ์', 'ขอซื้อ', 'หัวแร้ง Hisatomi 15s41h และอีก 2 รายการ', 'จัดซื้อวัสดุฝึก บ.กศ. ปีงบประมาณ 2569 ภาคเรีนรที่ 2/2568', 'จัดการเรียนการสอนรายวิชาการเขียนโปรแกรมระบบฐานข้อมูล', 'โครงการสาขาวิชา/คณะ', 'เงินรายได้', '690015068', '510.00', 'ใช้จัดการเรียนการสอน', '2026-02-04 02:15:59'),
(22, 6, 'KAN_NGAN0012', 'สาขาวิชาวิทยาการคอมพิวเตอร์', 'นายดุลชาติ ศิริวัลลภ', 'ขอซื้อ', 'วัสดุ', 'จัดการเรียนการสอนรายวิชาร การเขียนโปรแกรมบนเว็บ', 'จัดการเรียนการสอน', 'โครงการสาขาวิชา/คณะ', 'เงินรายได้', '666666666', '40.00', 'ใช้ในการจัดการเรียนการสอนรายวิชา การเขียนโปรแกรมบนเว็บ', '2026-02-04 02:26:35');

--
-- Indexes for dumped tables
--

--
-- Indexes for table `items`
--
ALTER TABLE `items`
  ADD PRIMARY KEY (`id`);

--
-- Indexes for table `members`
--
ALTER TABLE `members`
  ADD PRIMARY KEY (`user_id`),
  ADD UNIQUE KEY `username` (`username`);

--
-- Indexes for table `report_request`
--
ALTER TABLE `report_request`
  ADD PRIMARY KEY (`report_id`);

--
-- AUTO_INCREMENT for dumped tables
--

--
-- AUTO_INCREMENT for table `items`
--
ALTER TABLE `items`
  MODIFY `id` int(11) NOT NULL AUTO_INCREMENT, AUTO_INCREMENT=119;

--
-- AUTO_INCREMENT for table `members`
--
ALTER TABLE `members`
  MODIFY `user_id` int(11) NOT NULL AUTO_INCREMENT, AUTO_INCREMENT=10;

--
-- AUTO_INCREMENT for table `report_request`
--
ALTER TABLE `report_request`
  MODIFY `report_id` int(11) NOT NULL AUTO_INCREMENT, AUTO_INCREMENT=23;
COMMIT;

/*!40101 SET CHARACTER_SET_CLIENT=@OLD_CHARACTER_SET_CLIENT */;
/*!40101 SET CHARACTER_SET_RESULTS=@OLD_CHARACTER_SET_RESULTS */;
/*!40101 SET COLLATION_CONNECTION=@OLD_COLLATION_CONNECTION */;
